,tweet
0,Name a better bromance than @TomBrady and @MillerTime___10. https://t.co/wv9p201qoI
1,ğŸ˜ @TomBrady https://t.co/iW0XSlVR7H
2,"You asked, and @TomBrady answered! https://t.co/YWZdpfWhzv"
3,â± #CronoDesdeCasa ğŸ   ğŸ’” Â¿CuÃ¡l divorcio impactÃ³ mÃ¡s en este 2020?  ğŸ”ƒ RT: #Messi @FCBarcelona_es â™¥ï¸ MG: @TomBrady @Patriots https://t.co/imftUcaxWm
4,The real ğŸ @UnderArmour https://t.co/qlo4f9FlYH
5,HB2U HB2U HB2 Jack HB2U...we love you!! â¤ï¸â¤ï¸ https://t.co/D9tZrZTONz
6,"â€œPeople are going to look at him as just a great hero, someone who did things the right way and someone we can all look up to.â€ -@TomBrady  #MambaDay https://t.co/7ru0wF8Tts"
7,Here is a video of 43-year-old @TomBrady running for a touchdown as a member of the Bucs. Totally normal tweet! ğŸ˜…  (via @Buccaneers)  https://t.co/SLhuWqx3o8
8,"Hell of a catch by Chris Godwin here, and @TomBrady went to congratulate him [@CarmieV]  https://t.co/TAGwTUZUpe"
9,12 â¡ï¸ 25 ğŸ”¥The #12kCHASE continues! #Madden21   @TomBrady @EAMaddenNFL https://t.co/2QAI6MrmHj
10,.@TomBrady even has his offensive weapons in awe  (via B/Râ€™s @TyDunne) https://t.co/znNN3CW4g2
11,"Sustainable. Pliable. Proven. Designed together with @TomBrady, the Greatest (Tee) ever feels, fits and flexes better than any shirt youâ€™ll wear. Shop now. https://t.co/8onb55MzpY https://t.co/XjFR938cFy"
12,Philip Rivers and @TomBrady in a race.. Who you got? Phil likes his chances. @Colts  For his full appearance: https://t.co/i72j7Fiu7k https://t.co/jDo9C5doVk
13,".@TomBrady says he feels ""energized"" by the @Buccaneers WRs ğŸ”‹  @judybattista discusses the growing relationship between the QB and his targets ğŸ‘‡  ğŸ“º: Inside Training Camp LIVE on NFL Network https://t.co/fiqax1Fk3e"
14,Time for some Training Camp Spotlight!  We're heading to Tampa Bay to break down what's happening with @TomBrady and how the @Buccaneers are adjusting to having a legend under center. https://t.co/grKnxfgmsG
15,@TomBrady Iâ€™d just like to say that you are a traitor and the patriots will still kick ass without you.
16,#sports #blog #sportsblog #nba   #nfl #mlb #nhl #basketball #football #baseball #hockey #boston #bostonsports #celtics   #patriots #bruins #redsox #boston #newengland #bostonsports #bostonceltics #bostonredsox #bostonbruins #newenglandpatriots #larrybird #billrussel #tombrady
17,FINALLY @tombrady coming to Orlando my #nflshop order from 4/10/20 shipped! https://t.co/kjbuj6kYnM
18,"@RamoneDeLaNoche @BradyChrist @tomhousesports @JennaLaineESPN @TomBrady Michael Thomas canâ€™t continue to be an â€œover the middleâ€ receiver and not get injured. All the greats who made their money across the middle of the field (think Welker, Edelman) subject themselves to injury. Brees will fall off without Thomas at this juncture"
19,@ErmacRs @MK_TomBrady @YouTube Ice clone fundamentalist
20,"MK9 2020 Tech Finder Combo Perfectionist Rank 50 ""Kolton"" @MK_TomBrady i want a game or two :) https://t.co/mMyK1bWixH via @YouTube"
21,"@TomBrady @UnderArmour Look at this guy already doing promos in our stadium lmao, I love it ğŸ˜‚ğŸ˜‚ğŸ’¯ğŸ”¥"
22,@CourtneyFallon_ putting me in line when it comes to @TomBrady and how ever Bostonian feels at this time...    https://t.co/IJXjb6SI0n
23,@dke63404331 @BradyChrist @tomhousesports @JennaLaineESPN @TomBrady A little. I've been swimming in Tampa in January. I got them &amp; Saints at top of division. Battle of 2 QBs whose combined age is over 80. Let's see how it plays out.
24,@trey1554 @CutonDime25 @EAMaddenNFL @TomBrady Our
25,RT @ArlanWasHere: Jacob Blakeâ€™s sister *did* that. https://t.co/TpEEWOI073
26,"@RamoneDeLaNoche @BradyChrist @tomhousesports @JennaLaineESPN @TomBrady Itâ€™s still going to cool down a little come playoff time. 13-3, division and conference secured."
27,RT @thecheckdown: Mike Evans is pumped to be working with the ğŸ @MikeEvans13_ @TomBrady   (h/t @Buccaneers) https://t.co/yg7qd7tyer
28,Doc preaching
29,"RT @TheUndefeated: ""All you hear is Donald Trump and all of them talking about fear. We're the ones getting killed. ... Weâ€™re the ones haviâ€¦"
30,RT @Eslawal: Okay this is the one. https://t.co/Z8KEc63z25
31,@iamraheeem @tomhousesports @TomBrady Dude yes. Lol. Iâ€™ve been giddy since he was signed by the a Bucs. Canâ€™t wait to hear his voice in a really game calling out the snap.
32,"16 year old me:   Lil Wayne: She know wat it be M-O-B Pistol write the M-I-Re you know wat it be M-O-Me bitches know were that lime lead 2 words Room key, where? Penthouse Suiet  Me: https://t.co/4fpUjzauDI"
33,Lot of greatness in one photo!!! @michaelstrahan tombrady @magicjohnson #patriots #giants #olympics #usa https://t.co/3PQjPAY6bC
34,Hey @TomBrady!   Heard you might need some new pants. We got you. Get a pair here.    #Deal #ganga   https://t.co/G8QyrNuYBh https://t.co/WeZ556XMvf
35,Hey @TomBrady!   Heard you might need some new pants. We got you. Get a pair here.   https://t.co/UT5Uj4Nvqj https://t.co/LiVHFIPgBH
36,RT @CutonDime25: 12 â¡ï¸ 25 ğŸ”¥The #12kCHASE continues! #Madden21   @TomBrady @EAMaddenNFL https://t.co/2QAI6MrmHj
37,@Linda_Pizzuti @TomBrady @Patriots You hate the Patriots and Robert Kraft. How the Sox doing?
38,RT @tomhousesports: Everything looks stopped at release with @TomBrady. The reason the ball looks like it just snaps out of his hand is eveâ€¦
39,Want to learn more about Tom Brady's diet and workout plan?   Here's his exact #nutrition and #fitness schedule. https://t.co/MPZPTV7kJe via @FitnessClone   #tombrady
40,#sports #blog #sportsblog #nbaÂ Â  #nfl #mlb #nhl #basketball #football #baseball #hockey #boston #bostonsports #celticsÂ Â  #patriots #bruins #redsox #boston #newengland #bostonsports #bostonceltics #bostonredsox #bostonbruins #newenglandpatriots #larrybird #billrussel #tombrady
41,@TheMicDr @TomBrady Wouldnâ€™t doubt if it was him that pulled the fire alarm at our hotel before the afc title game
42,@Steelers4life28 @TomBrady it was him https://t.co/ecLDaLLAzm
43,@Steelers4life28 @TomBrady https://t.co/UY9KHZ2vvc
44,RT @tomhousesports: Everything looks stopped at release with @TomBrady. The reason the ball looks like it just snaps out of his hand is eveâ€¦
45,@KathViner @BBCPolitics @BBCNews @Channel4News @yorkshirepost @PippaCrerar @krishgm @jonsnowC4 @rachshabi @itvnews @TomBrady @mrjamesob https://t.co/4ybZW55T0D
46,RT @GlorySportsNet: 2020 Fantasy QB Rankings: (1-10)   1. @PatrickMahomes  2. @DangeRussWilson  3. @Lj_era8  4. @deshaunwatson  5. @M_Ryan0â€¦
47,@treasonodb @NFLonFOX @TomBrady @Buccaneers Yup
48,RT @NFLonFOX: Here is a video of 43-year-old @TomBrady running for a touchdown as a member of the Bucs. Totally normal tweet! ğŸ˜…  (via @Buccâ€¦
49,"RT @TB12sports: â€œForm good habits, and repeat every day.â€ â€” @TomBrady   All athletes â€“ ğ˜°ğ˜§ ğ˜¢ğ˜¯ğ˜º ğ˜¢ğ˜¨ğ˜¦ ğ˜°ğ˜³ ğ˜¢ğ˜£ğ˜ªğ˜­ğ˜ªğ˜µğ˜º â€“ can apply these principles iâ€¦"
50,RT @NFLonFOX: Here is a video of 43-year-old @TomBrady running for a touchdown as a member of the Bucs. Totally normal tweet! ğŸ˜…  (via @Buccâ€¦
51,@Art_No_Rules @NFLonFOX @TomBrady @Buccaneers yawn. youâ€™re just another default pats fan. you all just repost the same regurgitated shit over and over. no one really cares what you actually think.
52,@ForePlayPod @TomBrady Is this custom? Mines right off the rack!
53,@ii_TomBrady Ù„Ù„Ø§Ø¹Ù„Ù‰ ÙÙˆÙ‚ ÙŠØ§Ù„Ø¹Ø¶ÙŠØ¯ ğŸ‘ğŸ¼ğŸŒºâ¤ï¸
54,@Crushboy31 @DISupdates @iRacing It is sir. Good luck! Just think of the checkered flag being @TomBradyâ€™s knee.
55,@1andonlyVis Watch @MK_TomBrady wake up video bro
56,"@treasonodb @NFLonFOX @TomBrady @Buccaneers Puleeeeaz, lmao!! Your jealousy &amp; hate is pathetic &amp; so funny #BAHAHAHAHAHAHAHAHAHA  #HatersSuck #HatersReallySuck https://t.co/P0I2IQMUf2"
57,@CutonDime25 @EAMaddenNFL @TomBrady #FixMaddenFranchise
58,@WindrushKid @RealSkipBayless @KingJames @TomBrady Facts bro! Luka is the future!! And i like @MookMorris hes a goon but hes a wrongen for that move on Luka. Chris broussards at his neck ğŸ¤£ğŸ¤£
59,@vD7om94 Ø§Ù„Ù„Ù‡ ÙŠØ¨Ø§Ø±Ùƒ Ø¨Ø¹Ù…Ø±Ùƒ ÙˆØ±Ø¬Ø¹ ÙØ¹Ù„ Ø§Ù„ØªÙ†Ø¨ÙŠÙ‡Ø§Øª ğŸ˜‚
60,RT @CutonDime25: 12 â¡ï¸ 25 ğŸ”¥The #12kCHASE continues! #Madden21   @TomBrady @EAMaddenNFL https://t.co/2QAI6MrmHj
61,RT @Linda_Pizzuti: Love these animated stories about @TomBrady and what his teammates learned from his remarkable run with the @Patriots. Sâ€¦
62,@thejtdunn @TomBrady @Buccaneers Just Trollin' Dunn. ğŸ˜‰
63,"RT @thejtdunn: Damn, people in the gym (here in New England) hating my new @TomBrady @Buccaneers merch ğŸ˜‚ ğŸ˜‚ ğŸ¤·ğŸ»â€â™‚ï¸ #TB12"
64,Yes @TomBrady Iâ€™m good w a**l does 8am werk 4 u? I wonâ€™t tell the gazelle my lips r sealed
65,"Damn, people in the gym (here in New England) hating my new @TomBrady @Buccaneers merch ğŸ˜‚ ğŸ˜‚ ğŸ¤·ğŸ»â€â™‚ï¸ #TB12"
66,@1_mrsolo @RealSkipBayless @KingJames @TomBrady a young king
67,@1_mrsolo @RealSkipBayless @KingJames @TomBrady Luka is a king
68,@WindrushKid @RealSkipBayless @KingJames @TomBrady He hates on luka as well ğŸ¤£ lowe skip hes many things but not that one ğŸ˜…ğŸ˜…
69,@1_mrsolo @RealSkipBayless @KingJames @TomBrady ğŸ˜‚ğŸ˜‚ğŸ˜‚ğŸ˜‚ğŸ˜‚ğŸ˜‚ğŸ˜‚ğŸ˜‚ğŸ˜‚
70,@WindrushKid @RealSkipBayless @KingJames @TomBrady ğŸ¤£ğŸ¤£ğŸ¤£ğŸ¤£ Hes dying for Kawhi to win right now and he LOVES KD I cant do him like that cos his heads so far up MJ (the real goat) ass! I dont think skips a paigon he just hates Lebron. I aint a bron fan myself
71,@NFL @Edelman11 See @TomBrady in a Patriots uniform sends me into a downward spiral of emotion
72,Se va @TomBrady de los @Patriots  Posiblemente se vaya @fundacionmessi del @FCBarcelona  Nomas falta que se vayan un francÃ©s sobrevalorado y un argento muy positivo de los amargos  Para corroborar que se acaba la era de los modistas y villamelones
73,@RealSkipBayless Does not want @KingJames to win but he would die for @TomBrady to win LOL Skip I like you but I can see WHO YOU ARE skip lol
74,RT @NFLonFOX: Here is a video of 43-year-old @TomBrady running for a touchdown as a member of the Bucs. Totally normal tweet! ğŸ˜…  (via @Buccâ€¦
75,@Edelman11 This bromance will be never at the same level as it was with @TomBrady
76,@CutonDime25 @TomBrady @EAMaddenNFL Shady let me get a free code!!!
77,Watch out #lamarjackson tombrady is coming for you https://t.co/TfeGHCYp5K
78,RT @tomhousesports: Everything looks stopped at release with @TomBrady. The reason the ball looks like it just snaps out of his hand is eveâ€¦
79,RT @BigPapiShaq: Check out That Boy Shaq! #TikTok #Madden21 #TomBrady #AaronRodgers #EAsports  https://t.co/AjKecmXUuz
80,RT @TomBrady: HB2U HB2U HB2 Jack HB2U...we love you!! â¤ï¸â¤ï¸ https://t.co/D9tZrZTONz
81,@Buccaneers we are 18 days from making history.  How can I get a Lavonte David jersey in the alternate gray if you donâ€™t actually sell them?  Whatâ€™s a suffering Bucsâ€™ fan supposed to do? @TomBrady @MrSeanyB1 @DevinWhite__40 @RobGronkowski @JoeBucsFan someone help!
82,RT @NFLonFOX: Here is a video of 43-year-old @TomBrady running for a touchdown as a member of the Bucs. Totally normal tweet! ğŸ˜…  (via @Buccâ€¦
83,RT @CutonDime25: 12 â¡ï¸ 25 ğŸ”¥The #12kCHASE continues! #Madden21   @TomBrady @EAMaddenNFL https://t.co/2QAI6MrmHj
84,@Edelman11 So weird not seeing @TomBrady in a pats shirt but I gotta get over it. Love Tom and wish him well but I am a @Patriots fan! #gopats
85,RT @BigPapiShaq: Check out That Boy Shaq! #TikTok #Madden21 #TomBrady #AaronRodgers #EAsports  https://t.co/AjKecmXUuz
86,2020 Fantasy QB Rankings: (1-10)   1. @PatrickMahomes  2. @DangeRussWilson  3. @Lj_era8  4. @deshaunwatson  5. @M_Ryan02  6. @drewbrees  7. @TomBrady  8. @AaronRodgers12  9. @cj_wentz  10. @dak   #FantasyFootball #NFLTwitter
87,RT @NFLonFOX: Here is a video of 43-year-old @TomBrady running for a touchdown as a member of the Bucs. Totally normal tweet! ğŸ˜…  (via @Buccâ€¦
88,"@jerryferrara @PGATOUR2K Your BFF, @TomBrady"
89,RT @BigPapiShaq: Check out That Boy Shaq! #TikTok #Madden21 #TomBrady #AaronRodgers #EAsports  https://t.co/AjKecmXUuz
90,RT @BigPapiShaq: Check out That Boy Shaq! #TikTok #Madden21 #TomBrady #AaronRodgers #EAsports  https://t.co/AjKecmXUuz
91,RT @BigPapiShaq: Check out That Boy Shaq! #TikTok #Madden21 #TomBrady #AaronRodgers #EAsports  https://t.co/AjKecmXUuz
92,RT @BigPapiShaq: Check out That Boy Shaq! #TikTok #Madden21 #TomBrady #AaronRodgers #EAsports  https://t.co/AjKecmXUuz
93,RT @BigPapiShaq: Check out That Boy Shaq! #TikTok #Madden21 #TomBrady #AaronRodgers #EAsports  https://t.co/AjKecmXUuz
94,Jadeveon Clowney to Raiders? Nine moves NFL teams should make RIGHT NOW  #NFLFreeAgency #NFLRookies #NFLPowerRankings #NFLTrades #PUPList #NFL #AFC #NFC #XFL  #Patriots  #CamNewton  #TomBrady #BakerMayfield #PatrickMahomes #RussellWilson https://t.co/lRVQw6xqU1
95,VETERANS https://t.co/dsV8wOpNet  recovery documentary free on this link or Amazon Prime #michigan #brian #madison #springfield #maryland #hawaii #lu #lsu #tombrady #vermont
96,"Justin Watson hadn't even started kindergarten when @TomBrady won his first Super Bowl, but he's catching passes from him now: https://t.co/Bfhu8PNmFC"
97,@ii_TomBrady Ù…Ø¨Ø±ÙˆÙˆÙˆÙƒ Ø¹Ø²ÙŠÙˆ  ØªØ³ØªØ­Ù‚ ÙŠØ§Ø¨Ø«Ø±â¤ï¸â¤ï¸
98,RT @tomhousesports: Everything looks stopped at release with @TomBrady. The reason the ball looks like it just snaps out of his hand is eveâ€¦
99,RT @NFLonFOX: Here is a video of 43-year-old @TomBrady running for a touchdown as a member of the Bucs. Totally normal tweet! ğŸ˜…  (via @Buccâ€¦
